[{"pk": 37, "model": "avocado.datafield", "fields": {"category": null, "archived": false, "group": null, "name": "1000G Allele Frequency", "enumerable": false, "created": "2012-09-07T10:06:53.729", "field_name": "af", "modified": "2012-11-12T11:01:31.961", "order": null, "translator": "Allow Nulls", "unit_plural": "%", "internal": false, "name_plural": "", "published": true, "keywords": "", "sites": [], "data_modified": null, "app_name": "variants", "model_name": "thousandg", "unit": "%", "description": "The 1000G dataset can be used to remove common variants. As an example, the 5th percentile represents the variants that _only_ occur in 5% of the population. Note that 1000G data only applies to SNPs, so\r\napplying this filter will only apply to SNPs."}}, {"pk": 41, "model": "avocado.datafield", "fields": {"category": null, "archived": false, "group": null, "name": "Allele Frequency For Afr (African)", "enumerable": false, "created": "2012-09-07T10:06:58.383", "field_name": "afr_af", "modified": "2012-12-20T14:57:28.805", "order": null, "translator": null, "unit_plural": null, "internal": false, "name_plural": null, "published": true, "keywords": null, "sites": [], "data_modified": null, "app_name": "variants", "model_name": "thousandg", "unit": null, "description": null}}, {"pk": 39, "model": "avocado.datafield", "fields": {"category": null, "archived": false, "group": null, "name": "Allele Frequency For Amr (American)", "enumerable": false, "created": "2012-09-07T10:06:53.973", "field_name": "amr_af", "modified": "2012-12-20T14:57:28.847", "order": null, "translator": null, "unit_plural": null, "internal": false, "name_plural": null, "published": true, "keywords": null, "sites": [], "data_modified": null, "app_name": "variants", "model_name": "thousandg", "unit": null, "description": null}}, {"pk": 40, "model": "avocado.datafield", "fields": {"category": null, "archived": false, "group": null, "name": "Allele Frequency For Asn (Asian)", "enumerable": false, "created": "2012-09-07T10:06:57.137", "field_name": "asn_af", "modified": "2012-12-20T14:57:28.884", "order": null, "translator": null, "unit_plural": null, "internal": false, "name_plural": null, "published": true, "keywords": null, "sites": [], "data_modified": null, "app_name": "variants", "model_name": "thousandg", "unit": null, "description": null}}, {"pk": 42, "model": "avocado.datafield", "fields": {"category": null, "archived": false, "group": null, "name": "Allele Frequency For Eur (European)", "enumerable": false, "created": "2012-09-07T10:06:58.685", "field_name": "eur_af", "modified": "2012-12-20T14:57:28.917", "order": null, "translator": null, "unit_plural": null, "internal": false, "name_plural": null, "published": true, "keywords": null, "sites": [], "data_modified": null, "app_name": "variants", "model_name": "thousandg", "unit": null, "description": null}}, {"pk": 71, "model": "avocado.datafield", "fields": {"category": null, "archived": false, "group": null, "name": "Alternate", "enumerable": false, "created": "2012-09-07T10:32:14.824", "field_name": "alt", "modified": "2012-09-07T10:32:14.824", "order": null, "translator": null, "unit_plural": null, "internal": false, "name_plural": null, "published": true, "keywords": null, "sites": [], "data_modified": null, "app_name": "variants", "model_name": "variant", "unit": null, "description": null}}, {"pk": 36, "model": "avocado.datafield", "fields": {"category": null, "archived": false, "group": null, "name": "Alternate Allele Count", "enumerable": false, "created": "2012-09-07T10:06:53.599", "field_name": "ac", "modified": "2012-12-20T14:57:28.952", "order": null, "translator": null, "unit_plural": null, "internal": false, "name_plural": null, "published": true, "keywords": null, "sites": [], "data_modified": null, "app_name": "variants", "model_name": "thousandg", "unit": null, "description": null}}, {"pk": 48, "model": "avocado.datafield", "fields": {"category": null, "archived": false, "group": null, "name": "Alternate Allele Count Combined", "enumerable": false, "created": "2012-09-07T10:07:23.457", "field_name": "all_ac_alt", "modified": "2012-09-07T10:25:38.965", "order": null, "translator": null, "unit_plural": null, "internal": false, "name_plural": null, "published": false, "keywords": null, "sites": [], "data_modified": null, "app_name": "variants", "model_name": "evs", "unit": null, "description": null}}, {"pk": 46, "model": "avocado.datafield", "fields": {"category": null, "archived": false, "group": null, "name": "Alternate Allele Count For Afr (African)", "enumerable": false, "created": "2012-09-07T10:07:17.011", "field_name": "aa_ac_alt", "modified": "2012-09-07T10:25:38.636", "order": null, "translator": null, "unit_plural": null, "internal": false, "name_plural": null, "published": false, "keywords": null, "sites": [], "data_modified": null, "app_name": "variants", "model_name": "evs", "unit": null, "description": null}}, {"pk": 44, "model": "avocado.datafield", "fields": {"category": null, "archived": false, "group": null, "name": "Alternate Allele Count For Eur (European)", "enumerable": false, "created": "2012-09-07T10:07:14.858", "field_name": "ea_ac_alt", "modified": "2012-09-07T10:25:30.207", "order": null, "translator": null, "unit_plural": null, "internal": false, "name_plural": null, "published": false, "keywords": null, "sites": [], "data_modified": null, "app_name": "variants", "model_name": "evs", "unit": null, "description": null}}, {"pk": 60, "model": "avocado.datafield", "fields": {"category": null, "archived": false, "group": null, "name": "Alternate Amino Acid", "enumerable": true, "created": "2012-09-07T10:07:46.024", "field_name": "varaa", "modified": "2012-09-07T10:25:41.123", "order": null, "translator": null, "unit_plural": null, "internal": false, "name_plural": null, "published": false, "keywords": null, "sites": [], "data_modified": null, "app_name": "variants", "model_name": "sift", "unit": null, "description": null}}, {"pk": 63, "model": "avocado.datafield", "fields": {"category": null, "archived": false, "group": null, "name": "Amino Acid Change", "enumerable": false, "created": "2012-09-07T10:07:46.803", "field_name": "amino_acid_change", "modified": "2012-09-07T10:25:41.658", "order": null, "translator": null, "unit_plural": null, "internal": false, "name_plural": null, "published": true, "keywords": null, "sites": [], "data_modified": null, "app_name": "variants", "model_name": "varianteffect", "unit": null, "description": null}}, {"pk": 38, "model": "avocado.datafield", "fields": {"category": null, "archived": false, "group": null, "name": "Ancestral Allele", "enumerable": false, "created": "2012-09-07T10:06:53.854", "field_name": "aa", "modified": "2012-09-07T10:25:10.515", "order": null, "translator": null, "unit_plural": null, "internal": false, "name_plural": null, "published": false, "keywords": null, "sites": [], "data_modified": null, "app_name": "variants", "model_name": "thousandg", "unit": null, "description": null}}, {"pk": 19, "model": "avocado.datafield", "fields": {"category": null, "archived": false, "group": null, "name": "Base Quality Rank Sum Test", "enumerable": false, "created": "2012-09-07T10:05:03.321", "field_name": "baseq_rank_sum", "modified": "2012-09-07T10:23:36.090", "order": null, "translator": null, "unit_plural": null, "internal": false, "name_plural": null, "published": false, "keywords": null, "sites": [], "data_modified": null, "app_name": "samples", "model_name": "result", "unit": null, "description": null}}, {"pk": 112, "model": "avocado.datafield", "fields": {"category": null, "archived": false, "group": null, "name": "Batch", "enumerable": false, "created": "2012-11-28T12:21:27.522", "field_name": "id", "modified": "2012-11-28T12:21:27.522", "order": null, "translator": null, "unit_plural": null, "internal": false, "name_plural": "Batches", "published": true, "keywords": null, "sites": [], "data_modified": null, "app_name": "samples", "model_name": "batch", "unit": null, "description": null}}, {"pk": 5, "model": "avocado.datafield", "fields": {"category": null, "archived": false, "group": null, "name": "Bio Sample", "enumerable": false, "created": "2012-09-07T10:03:19.128", "field_name": "bio_sample", "modified": "2012-09-07T10:22:18.208", "order": null, "translator": null, "unit_plural": null, "internal": false, "name_plural": null, "published": false, "keywords": null, "sites": [], "data_modified": null, "app_name": "samples", "model_name": "sample", "unit": null, "description": null}}, {"pk": 64, "model": "avocado.datafield", "fields": {"category": null, "archived": false, "group": null, "name": "Chromosome", "enumerable": true, "created": "2012-09-07T10:08:20.641", "field_name": "chr", "modified": "2012-12-19T13:34:58.911", "order": null, "translator": null, "unit_plural": "", "internal": false, "name_plural": "", "published": true, "keywords": "", "sites": [], "data_modified": null, "app_name": "variants", "model_name": "variant", "unit": "", "description": ""}}, {"pk": 106, "model": "avocado.datafield", "fields": {"category": null, "archived": false, "group": null, "name": "Chromosome (Label)", "enumerable": false, "created": "2012-10-24T09:02:08.348", "field_name": "label", "modified": "2012-11-19T10:40:35.302", "order": null, "translator": null, "unit_plural": "", "internal": false, "name_plural": "", "published": false, "keywords": "", "sites": [], "data_modified": null, "app_name": "genome", "model_name": "chromosome", "unit": "", "description": ""}}, {"pk": 55, "model": "avocado.datafield", "fields": {"category": null, "archived": false, "group": null, "name": "Clinical Info", "enumerable": false, "created": "2012-09-07T10:07:45.315", "field_name": "clinical_association", "modified": "2012-11-09T15:12:27.799", "order": null, "translator": null, "unit_plural": "", "internal": false, "name_plural": "", "published": false, "keywords": "", "sites": [], "data_modified": null, "app_name": "variants", "model_name": "evs", "unit": "", "description": ""}}, {"pk": 81, "model": "avocado.datafield", "fields": {"category": null, "archived": false, "group": null, "name": "Clinical Phenotype", "enumerable": false, "created": "2012-09-23T12:03:28.774", "field_name": "clinical_phenotype", "modified": "2012-09-23T13:58:48.100", "order": null, "translator": null, "unit_plural": "", "internal": false, "name_plural": "", "published": false, "keywords": "", "sites": [], "data_modified": null, "app_name": "chop", "model_name": "genedetail", "unit": "", "description": ""}}, {"pk": 62, "model": "avocado.datafield", "fields": {"category": null, "archived": false, "group": null, "name": "Codon Change", "enumerable": false, "created": "2012-09-07T10:07:46.326", "field_name": "codon_change", "modified": "2012-09-07T10:25:41.505", "order": null, "translator": null, "unit_plural": null, "internal": false, "name_plural": null, "published": true, "keywords": null, "sites": [], "data_modified": null, "app_name": "variants", "model_name": "varianteffect", "unit": null, "description": null}}, {"pk": 75, "model": "avocado.datafield", "fields": {"category": null, "archived": false, "group": null, "name": "Cohort", "enumerable": true, "created": "2012-09-07T11:37:54.236", "field_name": "id", "modified": "2012-09-24T20:32:52.621", "order": null, "translator": null, "unit_plural": "", "internal": false, "name_plural": "", "published": true, "keywords": "", "sites": [], "data_modified": null, "app_name": "samples", "model_name": "cohort", "unit": "", "description": "Select a cohort to compare the proband's variants against. Then define an allele frequency threshold which will only include variants that are seen in the population percentage."}}, {"pk": 104, "model": "avocado.datafield", "fields": {"category": null, "archived": false, "group": null, "name": "Cohort Allele Frequency", "enumerable": false, "created": "2012-09-23T22:27:19.157", "field_name": "af", "modified": "2012-11-12T16:22:36.040", "order": null, "translator": null, "unit_plural": "%", "internal": false, "name_plural": "", "published": true, "keywords": "", "sites": [], "data_modified": null, "app_name": "samples", "model_name": "cohortvariant", "unit": "%", "description": "The minimum possible allele frequency is bound by the number of samples in the cohort. For example, the minimum possible frequency for 8 samples would be 0.125, while for 100 would be 0.01."}}, {"pk": 4, "model": "avocado.datafield", "fields": {"category": null, "archived": false, "group": null, "name": "Count", "enumerable": false, "created": "2012-09-07T10:03:18.819", "field_name": "count", "modified": "2012-09-07T10:22:18.059", "order": null, "translator": null, "unit_plural": null, "internal": false, "name_plural": null, "published": false, "keywords": null, "sites": [], "data_modified": null, "app_name": "samples", "model_name": "sample", "unit": null, "description": null}}, {"pk": 12, "model": "avocado.datafield", "fields": {"category": null, "archived": false, "group": null, "name": "Coverage Alt", "enumerable": false, "created": "2012-09-07T10:03:30.957", "field_name": "coverage_alt", "modified": "2012-09-07T10:22:19.409", "order": null, "translator": null, "unit_plural": null, "internal": false, "name_plural": null, "published": false, "keywords": null, "sites": [], "data_modified": null, "app_name": "samples", "model_name": "result", "unit": null, "description": null}}, {"pk": 11, "model": "avocado.datafield", "fields": {"category": null, "archived": false, "group": null, "name": "Coverage Ref", "enumerable": false, "created": "2012-09-07T10:03:23.952", "field_name": "coverage_ref", "modified": "2012-09-07T10:22:19.259", "order": null, "translator": null, "unit_plural": null, "internal": false, "name_plural": null, "published": false, "keywords": null, "sites": [], "data_modified": null, "app_name": "samples", "model_name": "result", "unit": null, "description": null}}, {"pk": 33, "model": "avocado.datafield", "fields": {"category": null, "archived": false, "group": null, "name": "Dbsnp Id", "enumerable": false, "created": "2012-09-07T10:06:28.408", "field_name": "rsid", "modified": "2012-09-07T10:24:55.350", "order": null, "translator": null, "unit_plural": null, "internal": false, "name_plural": null, "published": true, "keywords": null, "sites": [], "data_modified": null, "app_name": "variants", "model_name": "variant", "unit": null, "description": null}}, {"pk": 30, "model": "avocado.datafield", "fields": {"category": null, "archived": false, "group": null, "name": "Description", "enumerable": false, "created": "2012-09-07T10:05:34.152", "field_name": "description", "modified": "2012-09-07T10:23:41.403", "order": null, "translator": null, "unit_plural": null, "internal": false, "name_plural": null, "published": false, "keywords": null, "sites": [], "data_modified": null, "app_name": "variants", "model_name": "effect", "unit": null, "description": null}}, {"pk": 15, "model": "avocado.datafield", "fields": {"category": null, "archived": false, "group": null, "name": "Downsampling", "enumerable": true, "created": "2012-09-07T10:04:51.887", "field_name": "downsampling", "modified": "2012-09-07T10:23:24.459", "order": null, "translator": null, "unit_plural": null, "internal": false, "name_plural": null, "published": false, "keywords": null, "sites": [], "data_modified": null, "app_name": "samples", "model_name": "result", "unit": null, "description": null}}, {"pk": 29, "model": "avocado.datafield", "fields": {"category": null, "archived": false, "group": null, "name": "Effect", "enumerable": false, "created": "2012-09-07T10:05:29.281", "field_name": "effect", "modified": "2013-01-08T17:09:18.547", "order": null, "translator": null, "unit_plural": "", "internal": false, "name_plural": "", "published": true, "keywords": "", "sites": [], "data_modified": null, "app_name": "variants", "model_name": "varianteffect", "unit": "", "description": ""}}, {"pk": 27, "model": "avocado.datafield", "fields": {"category": null, "archived": false, "group": null, "name": "Effect Impact", "enumerable": true, "created": "2012-09-07T10:05:14.466", "field_name": "impact", "modified": "2013-01-08T17:09:32.394", "order": null, "translator": null, "unit_plural": "", "internal": false, "name_plural": "", "published": true, "keywords": "", "sites": [], "data_modified": null, "app_name": "variants", "model_name": "effect", "unit": "", "description": "The predicted impact of the variant."}}, {"pk": 28, "model": "avocado.datafield", "fields": {"category": null, "archived": false, "group": null, "name": "Effect Region", "enumerable": true, "created": "2012-09-07T10:05:14.613", "field_name": "region", "modified": "2013-01-08T17:09:50.226", "order": null, "translator": null, "unit_plural": "", "internal": false, "name_plural": "", "published": true, "keywords": "", "sites": [], "data_modified": null, "app_name": "variants", "model_name": "effect", "unit": "", "description": "Region of the genome that is affected."}}, {"pk": 51, "model": "avocado.datafield", "fields": {"category": null, "archived": false, "group": null, "name": "EVS Allele Frequency", "enumerable": false, "created": "2012-09-07T10:07:28.877", "field_name": "all_maf", "modified": "2012-11-12T11:01:42.069", "order": null, "translator": "Allow Nulls", "unit_plural": "%", "internal": false, "name_plural": "", "published": true, "keywords": "", "sites": [], "data_modified": null, "app_name": "variants", "model_name": "evs", "unit": "%", "description": "The minor-allele frequency in percent listed across all populations. These apply to SNPs only."}}, {"pk": 92, "model": "avocado.datafield", "fields": {"category": null, "archived": false, "group": null, "name": "Exon Exon End Position", "enumerable": false, "created": "2012-09-23T14:51:35.420", "field_name": "end", "modified": "2012-09-23T14:51:35.420", "order": null, "translator": null, "unit_plural": null, "internal": false, "name_plural": null, "published": false, "keywords": null, "sites": [], "data_modified": null, "app_name": "genes", "model_name": "exon", "unit": null, "description": null}}, {"pk": 90, "model": "avocado.datafield", "fields": {"category": null, "archived": false, "group": null, "name": "Exon Exon Index", "enumerable": false, "created": "2012-09-23T14:51:35.142", "field_name": "index", "modified": "2012-09-23T14:51:35.142", "order": null, "translator": null, "unit_plural": null, "internal": false, "name_plural": null, "published": false, "keywords": null, "sites": [], "data_modified": null, "app_name": "genes", "model_name": "exon", "unit": null, "description": null}}, {"pk": 91, "model": "avocado.datafield", "fields": {"category": null, "archived": false, "group": null, "name": "Exon Exon Start Position", "enumerable": false, "created": "2012-09-23T14:51:35.294", "field_name": "start", "modified": "2012-09-23T14:51:35.294", "order": null, "translator": null, "unit_plural": null, "internal": false, "name_plural": null, "published": false, "keywords": null, "sites": [], "data_modified": null, "app_name": "genes", "model_name": "exon", "unit": null, "description": null}}, {"pk": 26, "model": "avocado.datafield", "fields": {"category": null, "archived": false, "group": null, "name": "Fisher Strand", "enumerable": false, "created": "2012-09-07T10:05:14.223", "field_name": "fisher_strand", "modified": "2012-09-07T10:23:40.716", "order": null, "translator": null, "unit_plural": null, "internal": false, "name_plural": null, "published": false, "keywords": null, "sites": [], "data_modified": null, "app_name": "samples", "model_name": "result", "unit": null, "description": null}}, {"pk": 61, "model": "avocado.datafield", "fields": {"category": null, "archived": false, "group": null, "name": "Functional Class", "enumerable": true, "created": "2012-09-07T10:07:46.166", "field_name": "functional_class", "modified": "2013-01-08T17:10:11.353", "order": null, "translator": null, "unit_plural": "", "internal": false, "name_plural": "", "published": true, "keywords": "", "sites": [], "data_modified": null, "app_name": "variants", "model_name": "varianteffect", "unit": "", "description": ""}}, {"pk": 84, "model": "avocado.datafield", "fields": {"category": null, "archived": false, "group": null, "name": "Gene Family Description", "enumerable": false, "created": "2012-09-23T14:51:32.467", "field_name": "description", "modified": "2012-09-23T14:51:32.467", "order": null, "translator": null, "unit_plural": null, "internal": false, "name_plural": null, "published": false, "keywords": null, "sites": [], "data_modified": null, "app_name": "genes", "model_name": "genefamily", "unit": null, "description": null}}, {"pk": 83, "model": "avocado.datafield", "fields": {"category": null, "archived": false, "group": null, "name": "Gene Family Tag", "enumerable": false, "created": "2012-09-23T14:51:32.257", "field_name": "tag", "modified": "2012-09-23T14:51:32.257", "order": null, "translator": null, "unit_plural": null, "internal": false, "name_plural": null, "published": false, "keywords": null, "sites": [], "data_modified": null, "app_name": "genes", "model_name": "genefamily", "unit": null, "description": null}}, {"pk": 82, "model": "avocado.datafield", "fields": {"category": null, "archived": false, "group": null, "name": "Gene Set", "enumerable": false, "created": "2012-09-23T13:38:15.787", "field_name": "id", "modified": "2012-09-23T13:42:38.154", "order": null, "translator": null, "unit_plural": "", "internal": false, "name_plural": "", "published": true, "keywords": "", "sites": [], "data_modified": null, "app_name": "genes", "model_name": "geneset", "unit": "", "description": ""}}, {"pk": 86, "model": "avocado.datafield", "fields": {"category": null, "archived": false, "group": null, "name": "Gene Symbol", "enumerable": false, "created": "2012-09-23T14:51:34.505", "field_name": "symbol", "modified": "2012-09-23T14:52:23.239", "order": null, "translator": null, "unit_plural": null, "internal": false, "name_plural": null, "published": true, "keywords": null, "sites": [], "data_modified": null, "app_name": "genes", "model_name": "gene", "unit": null, "description": null}}, {"pk": 68, "model": "avocado.datafield", "fields": {"category": null, "archived": false, "group": null, "name": "Genotype", "enumerable": true, "created": "2012-09-07T10:08:33.578", "field_name": "genotype", "modified": "2013-01-08T17:10:29.083", "order": null, "translator": null, "unit_plural": "", "internal": false, "name_plural": "", "published": true, "keywords": "", "sites": [], "data_modified": null, "app_name": "samples", "model_name": "result", "unit": "", "description": ""}}, {"pk": 10, "model": "avocado.datafield", "fields": {"category": null, "archived": false, "group": null, "name": "Genotype Quality", "enumerable": false, "created": "2012-09-07T10:03:23.243", "field_name": "genotype_quality", "modified": "2012-09-07T10:22:19.105", "order": null, "translator": null, "unit_plural": null, "internal": false, "name_plural": null, "published": false, "keywords": null, "sites": [], "data_modified": null, "app_name": "samples", "model_name": "result", "unit": null, "description": null}}, {"pk": 24, "model": "avocado.datafield", "fields": {"category": null, "archived": false, "group": null, "name": "Haplotype Score", "enumerable": false, "created": "2012-09-07T10:05:13.404", "field_name": "haplotype_score", "modified": "2012-09-07T10:23:40.391", "order": null, "translator": null, "unit_plural": null, "internal": false, "name_plural": null, "published": false, "keywords": null, "sites": [], "data_modified": null, "app_name": "samples", "model_name": "result", "unit": null, "description": null}}, {"pk": 110, "model": "avocado.datafield", "fields": {"category": null, "archived": false, "group": null, "name": "HDMD", "enumerable": false, "created": "2012-11-01T11:25:50.779", "field_name": "hgmd_id", "modified": "2012-11-12T10:22:03.633", "order": null, "translator": null, "unit_plural": "", "internal": false, "name_plural": "", "published": true, "keywords": "", "sites": [], "data_modified": null, "app_name": "variants", "model_name": "variantphenotype", "unit": "", "description": ""}}, {"pk": 113, "model": "avocado.datafield", "fields": {"category": null, "archived": false, "group": null, "name": "HGNC ID", "enumerable": false, "created": "2012-12-20T12:09:21.257", "field_name": "hgnc_id", "modified": "2012-12-20T12:10:12.161", "order": null, "translator": null, "unit_plural": "", "internal": false, "name_plural": "", "published": true, "keywords": "", "sites": [], "data_modified": null, "app_name": "genes", "model_name": "gene", "unit": "", "description": ""}}, {"pk": 23, "model": "avocado.datafield", "fields": {"category": null, "archived": false, "group": null, "name": "Homopolymer Run", "enumerable": false, "created": "2012-09-07T10:05:12.772", "field_name": "homopolymer_run", "modified": "2012-09-07T10:23:38.440", "order": null, "translator": null, "unit_plural": null, "internal": false, "name_plural": null, "published": false, "keywords": null, "sites": [], "data_modified": null, "app_name": "samples", "model_name": "result", "unit": null, "description": null}}, {"pk": 14, "model": "avocado.datafield", "fields": {"category": null, "archived": false, "group": null, "name": "In Dbsnp", "enumerable": true, "created": "2012-09-07T10:04:40.439", "field_name": "in_dbsnp", "modified": "2012-09-07T10:23:14.424", "order": null, "translator": null, "unit_plural": null, "internal": false, "name_plural": null, "published": true, "keywords": null, "sites": [], "data_modified": null, "app_name": "samples", "model_name": "result", "unit": null, "description": null}}, {"pk": 80, "model": "avocado.datafield", "fields": {"category": null, "archived": false, "group": null, "name": "Inheritance Pattern", "enumerable": true, "created": "2012-09-23T12:03:28.653", "field_name": "inheritance_pattern", "modified": "2012-09-23T13:58:34.359", "order": null, "translator": null, "unit_plural": "", "internal": false, "name_plural": "", "published": true, "keywords": "", "sites": [], "data_modified": null, "app_name": "chop", "model_name": "genedetail", "unit": "", "description": ""}}, {"pk": 17, "model": "avocado.datafield", "fields": {"category": null, "archived": false, "group": null, "name": "Mapping Quality", "enumerable": false, "created": "2012-09-07T10:05:01.077", "field_name": "mq", "modified": "2012-09-07T10:23:33.121", "order": null, "translator": null, "unit_plural": null, "internal": false, "name_plural": null, "published": false, "keywords": null, "sites": [], "data_modified": null, "app_name": "samples", "model_name": "result", "unit": null, "description": null}}, {"pk": 20, "model": "avocado.datafield", "fields": {"category": null, "archived": false, "group": null, "name": "Mapping Quality Rank Sum Test", "enumerable": false, "created": "2012-09-07T10:05:06.040", "field_name": "mq_rank_sum", "modified": "2012-09-07T10:23:36.240", "order": null, "translator": null, "unit_plural": null, "internal": false, "name_plural": null, "published": false, "keywords": null, "sites": [], "data_modified": null, "app_name": "samples", "model_name": "result", "unit": null, "description": null}}, {"pk": 18, "model": "avocado.datafield", "fields": {"category": null, "archived": false, "group": null, "name": "Mapping Quality Zero", "enumerable": false, "created": "2012-09-07T10:05:02.454", "field_name": "mq0", "modified": "2012-09-07T10:23:35.913", "order": null, "translator": null, "unit_plural": null, "internal": false, "name_plural": null, "published": false, "keywords": null, "sites": [], "data_modified": null, "app_name": "samples", "model_name": "result", "unit": null, "description": null}}, {"pk": 50, "model": "avocado.datafield", "fields": {"category": null, "archived": false, "group": null, "name": "Minor Allele Frequency (Maf) For Afr (African)", "enumerable": false, "created": "2012-09-07T10:07:27.774", "field_name": "aa_maf", "modified": "2012-09-07T10:25:39.296", "order": null, "translator": null, "unit_plural": null, "internal": false, "name_plural": null, "published": false, "keywords": null, "sites": [], "data_modified": null, "app_name": "variants", "model_name": "evs", "unit": null, "description": null}}, {"pk": 49, "model": "avocado.datafield", "fields": {"category": null, "archived": false, "group": null, "name": "Minor Allele Frequency (Maf) For Eur (European)", "enumerable": false, "created": "2012-09-07T10:07:26.936", "field_name": "ea_maf", "modified": "2012-09-07T10:25:39.117", "order": null, "translator": null, "unit_plural": null, "internal": false, "name_plural": null, "published": false, "keywords": null, "sites": [], "data_modified": null, "app_name": "variants", "model_name": "evs", "unit": null, "description": null}}, {"pk": 65, "model": "avocado.datafield", "fields": {"category": null, "archived": false, "group": null, "name": "Name", "enumerable": true, "created": "2012-09-07T10:08:23.336", "field_name": "name", "modified": "2012-09-07T10:25:42.083", "order": null, "translator": null, "unit_plural": null, "internal": false, "name_plural": null, "published": false, "keywords": null, "sites": [], "data_modified": null, "app_name": "genome", "model_name": "genome", "unit": null, "description": null}}, {"pk": 1, "model": "avocado.datafield", "fields": {"category": null, "archived": false, "group": null, "name": "Notes", "enumerable": false, "created": "2012-09-07T10:03:10.144", "field_name": "notes", "modified": "2012-09-07T10:22:07.961", "order": null, "translator": null, "unit_plural": null, "internal": false, "name_plural": null, "published": false, "keywords": null, "sites": [], "data_modified": null, "app_name": "samples", "model_name": "sample", "unit": null, "description": null}}, {"pk": 72, "model": "avocado.datafield", "fields": {"category": null, "archived": false, "group": null, "name": "Notes", "enumerable": false, "created": "2012-09-07T11:37:53.621", "field_name": "notes", "modified": "2012-09-07T11:37:53.621", "order": null, "translator": null, "unit_plural": null, "internal": false, "name_plural": null, "published": false, "keywords": null, "sites": [], "data_modified": null, "app_name": "samples", "model_name": "project", "unit": null, "description": null}}, {"pk": 7, "model": "avocado.datafield", "fields": {"category": null, "archived": false, "group": null, "name": "Notes", "enumerable": false, "created": "2012-09-07T10:03:22.204", "field_name": "notes", "modified": "2012-09-07T10:22:18.634", "order": null, "translator": null, "unit_plural": null, "internal": false, "name_plural": null, "published": false, "keywords": null, "sites": [], "data_modified": null, "app_name": "samples", "model_name": "result", "unit": null, "description": null}}, {"pk": 108, "model": "avocado.datafield", "fields": {"category": null, "archived": false, "group": null, "name": "Phenotype Description", "enumerable": false, "created": "2012-11-01T11:22:53.840", "field_name": "description", "modified": "2012-11-01T11:22:53.840", "order": null, "translator": null, "unit_plural": null, "internal": false, "name_plural": null, "published": false, "keywords": null, "sites": [], "data_modified": null, "app_name": "phenotypes", "model_name": "phenotype", "unit": null, "description": null}}, {"pk": 109, "model": "avocado.datafield", "fields": {"category": null, "archived": false, "group": null, "name": "Phenotype Hpo Id", "enumerable": false, "created": "2012-11-01T11:22:53.856", "field_name": "hpo_id", "modified": "2012-11-01T11:22:53.856", "order": null, "translator": null, "unit_plural": null, "internal": false, "name_plural": null, "published": false, "keywords": null, "sites": [], "data_modified": null, "app_name": "phenotypes", "model_name": "phenotype", "unit": null, "description": null}}, {"pk": 107, "model": "avocado.datafield", "fields": {"category": null, "archived": false, "group": null, "name": "Phenotype Term", "enumerable": false, "created": "2012-11-01T11:22:53.785", "field_name": "term", "modified": "2012-11-01T11:22:53.785", "order": null, "translator": null, "unit_plural": null, "internal": false, "name_plural": null, "published": false, "keywords": null, "sites": [], "data_modified": null, "app_name": "phenotypes", "model_name": "phenotype", "unit": null, "description": null}}, {"pk": 13, "model": "avocado.datafield", "fields": {"category": null, "archived": false, "group": null, "name": "Phred Scaled Likelihood", "enumerable": false, "created": "2012-09-07T10:03:36.987", "field_name": "phred_scaled_likelihood", "modified": "2012-09-07T10:22:19.629", "order": null, "translator": null, "unit_plural": null, "internal": false, "name_plural": null, "published": false, "keywords": null, "sites": [], "data_modified": null, "app_name": "samples", "model_name": "result", "unit": null, "description": null}}, {"pk": 56, "model": "avocado.datafield", "fields": {"category": null, "archived": false, "group": null, "name": "PolyPhen2 Score", "enumerable": false, "created": "2012-09-07T10:07:45.447", "field_name": "score", "modified": "2012-09-25T07:55:20.248", "order": null, "translator": "Allow Nulls", "unit_plural": "", "internal": false, "name_plural": "", "published": true, "keywords": "", "sites": [], "data_modified": null, "app_name": "variants", "model_name": "polyphen2", "unit": "", "description": ""}}, {"pk": 69, "model": "avocado.datafield", "fields": {"category": null, "archived": false, "group": null, "name": "Position", "enumerable": false, "created": "2012-09-07T10:32:10.335", "field_name": "pos", "modified": "2012-09-07T10:32:10.336", "order": null, "translator": null, "unit_plural": null, "internal": false, "name_plural": null, "published": true, "keywords": null, "sites": [], "data_modified": null, "app_name": "variants", "model_name": "variant", "unit": null, "description": null}}, {"pk": 73, "model": "avocado.datafield", "fields": {"category": null, "archived": false, "group": null, "name": "Project", "enumerable": true, "created": "2012-09-07T11:37:53.773", "field_name": "id", "modified": "2012-09-24T20:34:23.742", "order": null, "translator": null, "unit_plural": "", "internal": false, "name_plural": "", "published": true, "keywords": "", "sites": [], "data_modified": null, "app_name": "samples", "model_name": "project", "unit": "", "description": ""}}, {"pk": 77, "model": "avocado.datafield", "fields": {"category": null, "archived": false, "group": null, "name": "Published", "enumerable": true, "created": "2012-09-07T11:37:54.942", "field_name": "published", "modified": "2012-09-07T11:37:54.942", "order": null, "translator": null, "unit_plural": null, "internal": false, "name_plural": null, "published": false, "keywords": null, "sites": [], "data_modified": null, "app_name": "samples", "model_name": "cohort", "unit": null, "description": null}}, {"pk": 6, "model": "avocado.datafield", "fields": {"category": null, "archived": false, "group": null, "name": "Published", "enumerable": true, "created": "2012-09-07T10:03:21.646", "field_name": "published", "modified": "2012-09-07T10:22:18.420", "order": null, "translator": null, "unit_plural": null, "internal": false, "name_plural": null, "published": false, "keywords": null, "sites": [], "data_modified": null, "app_name": "samples", "model_name": "sample", "unit": null, "description": null}}, {"pk": 8, "model": "avocado.datafield", "fields": {"category": null, "archived": false, "group": null, "name": "Quality", "enumerable": false, "created": "2012-09-07T10:03:22.311", "field_name": "quality", "modified": "2012-09-07T10:22:18.783", "order": null, "translator": null, "unit_plural": null, "internal": false, "name_plural": null, "published": true, "keywords": null, "sites": [], "data_modified": null, "app_name": "samples", "model_name": "result", "unit": null, "description": null}}, {"pk": 25, "model": "avocado.datafield", "fields": {"category": null, "archived": false, "group": null, "name": "Quality By Depth", "enumerable": false, "created": "2012-09-07T10:05:14.105", "field_name": "quality_by_depth", "modified": "2012-09-07T10:23:40.565", "order": null, "translator": null, "unit_plural": null, "internal": false, "name_plural": null, "published": false, "keywords": null, "sites": [], "data_modified": null, "app_name": "samples", "model_name": "result", "unit": null, "description": null}}, {"pk": 9, "model": "avocado.datafield", "fields": {"category": null, "archived": false, "group": null, "name": "Read Depth", "enumerable": false, "created": "2012-09-07T10:03:22.976", "field_name": "read_depth", "modified": "2012-09-11T11:38:25.867", "order": null, "translator": null, "unit_plural": "", "internal": false, "name_plural": "", "published": true, "keywords": "", "sites": [], "data_modified": null, "app_name": "samples", "model_name": "result", "unit": "", "description": "The greater the read depth, the greater confidence the base read is correct. Typically 30x coverage should be used for clinical analysis."}}, {"pk": 21, "model": "avocado.datafield", "fields": {"category": null, "archived": false, "group": null, "name": "Read Pos Rank Sum", "enumerable": false, "created": "2012-09-07T10:05:06.957", "field_name": "read_pos_rank_sum", "modified": "2012-09-07T10:23:36.386", "order": null, "translator": null, "unit_plural": null, "internal": false, "name_plural": null, "published": false, "keywords": null, "sites": [], "data_modified": null, "app_name": "samples", "model_name": "result", "unit": null, "description": null}}, {"pk": 70, "model": "avocado.datafield", "fields": {"category": null, "archived": false, "group": null, "name": "Reference", "enumerable": false, "created": "2012-09-07T10:32:12.061", "field_name": "ref", "modified": "2012-09-07T10:32:12.061", "order": null, "translator": null, "unit_plural": null, "internal": false, "name_plural": null, "published": true, "keywords": null, "sites": [], "data_modified": null, "app_name": "variants", "model_name": "variant", "unit": null, "description": null}}, {"pk": 47, "model": "avocado.datafield", "fields": {"category": null, "archived": false, "group": null, "name": "Reference Allele Count Combined", "enumerable": false, "created": "2012-09-07T10:07:19.257", "field_name": "all_ac_ref", "modified": "2012-09-07T10:25:38.795", "order": null, "translator": null, "unit_plural": null, "internal": false, "name_plural": null, "published": false, "keywords": null, "sites": [], "data_modified": null, "app_name": "variants", "model_name": "evs", "unit": null, "description": null}}, {"pk": 45, "model": "avocado.datafield", "fields": {"category": null, "archived": false, "group": null, "name": "Reference Allele Count For Afr (African)", "enumerable": false, "created": "2012-09-07T10:07:16.760", "field_name": "aa_ac_ref", "modified": "2012-09-07T10:25:38.472", "order": null, "translator": null, "unit_plural": null, "internal": false, "name_plural": null, "published": false, "keywords": null, "sites": [], "data_modified": null, "app_name": "variants", "model_name": "evs", "unit": null, "description": null}}, {"pk": 43, "model": "avocado.datafield", "fields": {"category": null, "archived": false, "group": null, "name": "Reference Allele Count For Eur (European)", "enumerable": false, "created": "2012-09-07T10:07:13.009", "field_name": "ea_ac_ref", "modified": "2012-09-07T10:25:20.449", "order": null, "translator": null, "unit_plural": null, "internal": false, "name_plural": null, "published": false, "keywords": null, "sites": [], "data_modified": null, "app_name": "variants", "model_name": "evs", "unit": null, "description": null}}, {"pk": 57, "model": "avocado.datafield", "fields": {"category": null, "archived": false, "group": null, "name": "Reference Amino Acid", "enumerable": true, "created": "2012-09-07T10:07:45.617", "field_name": "refaa", "modified": "2012-09-07T10:25:40.573", "order": null, "translator": null, "unit_plural": null, "internal": false, "name_plural": null, "published": false, "keywords": null, "sites": [], "data_modified": null, "app_name": "variants", "model_name": "polyphen2", "unit": null, "description": null}}, {"pk": 59, "model": "avocado.datafield", "fields": {"category": null, "archived": false, "group": null, "name": "Reference Amino Acid", "enumerable": true, "created": "2012-09-07T10:07:45.884", "field_name": "refaa", "modified": "2012-09-07T10:25:40.923", "order": null, "translator": null, "unit_plural": null, "internal": false, "name_plural": null, "published": false, "keywords": null, "sites": [], "data_modified": null, "app_name": "variants", "model_name": "sift", "unit": null, "description": null}}, {"pk": 67, "model": "avocado.datafield", "fields": {"category": null, "archived": false, "group": null, "name": "Released", "enumerable": false, "created": "2012-09-07T10:08:29.413", "field_name": "released", "modified": "2012-09-07T10:25:57.306", "order": null, "translator": null, "unit_plural": null, "internal": false, "name_plural": null, "published": false, "keywords": null, "sites": [], "data_modified": null, "app_name": "genome", "model_name": "genome", "unit": null, "description": null}}, {"pk": 111, "model": "avocado.datafield", "fields": {"category": null, "archived": false, "group": null, "name": "Sample", "enumerable": false, "created": "2012-11-19T10:26:27.021", "field_name": "label", "modified": "2012-12-19T14:19:42.212", "order": null, "translator": null, "unit_plural": "", "internal": false, "name_plural": "", "published": true, "keywords": "", "sites": [], "data_modified": null, "app_name": "samples", "model_name": "sample", "unit": "", "description": ""}}, {"pk": 2, "model": "avocado.datafield", "fields": {"category": null, "archived": false, "group": null, "name": "Sample", "enumerable": false, "created": "2012-09-07T10:03:14.061", "field_name": "id", "modified": "2012-10-24T11:14:44.457", "order": null, "translator": null, "unit_plural": "", "internal": false, "name_plural": "", "published": true, "keywords": "", "sites": [], "data_modified": null, "app_name": "samples", "model_name": "sample", "unit": "", "description": ""}}, {"pk": 58, "model": "avocado.datafield", "fields": {"category": null, "archived": false, "group": null, "name": "SIFT Score", "enumerable": false, "created": "2012-09-07T10:07:45.734", "field_name": "score", "modified": "2012-09-25T07:54:29.631", "order": null, "translator": "Allow Nulls", "unit_plural": "", "internal": false, "name_plural": "", "published": true, "keywords": "", "sites": [], "data_modified": null, "app_name": "variants", "model_name": "sift", "unit": "", "description": ""}}, {"pk": 16, "model": "avocado.datafield", "fields": {"category": null, "archived": false, "group": null, "name": "Spanning Deletions", "enumerable": false, "created": "2012-09-07T10:04:56.460", "field_name": "spanning_deletions", "modified": "2012-09-07T10:23:28.511", "order": null, "translator": null, "unit_plural": null, "internal": false, "name_plural": null, "published": false, "keywords": null, "sites": [], "data_modified": null, "app_name": "samples", "model_name": "result", "unit": null, "description": null}}, {"pk": 22, "model": "avocado.datafield", "fields": {"category": null, "archived": false, "group": null, "name": "Strand Bias", "enumerable": false, "created": "2012-09-07T10:05:10.540", "field_name": "strand_bias", "modified": "2012-09-07T10:23:37.590", "order": null, "translator": null, "unit_plural": null, "internal": false, "name_plural": null, "published": false, "keywords": null, "sites": [], "data_modified": null, "app_name": "samples", "model_name": "result", "unit": null, "description": null}}, {"pk": 79, "model": "avocado.datafield", "fields": {"category": null, "archived": false, "group": null, "name": "Syndrome Type", "enumerable": true, "created": "2012-09-23T12:03:28.507", "field_name": "syndrome_type", "modified": "2012-09-23T13:58:11.175", "order": null, "translator": null, "unit_plural": "", "internal": false, "name_plural": "", "published": true, "keywords": "", "sites": [], "data_modified": null, "app_name": "chop", "model_name": "genedetail", "unit": "", "description": ""}}, {"pk": 85, "model": "avocado.datafield", "fields": {"category": null, "archived": false, "group": null, "name": "Synonym Label", "enumerable": false, "created": "2012-09-23T14:51:34.049", "field_name": "label", "modified": "2012-09-23T14:51:34.049", "order": null, "translator": null, "unit_plural": null, "internal": false, "name_plural": null, "published": false, "keywords": null, "sites": [], "data_modified": null, "app_name": "genes", "model_name": "synonym", "unit": null, "description": null}}, {"pk": 78, "model": "avocado.datafield", "fields": {"category": null, "archived": false, "group": null, "name": "Tier", "enumerable": true, "created": "2012-09-23T12:03:28.283", "field_name": "tier", "modified": "2012-09-23T13:58:59.453", "order": null, "translator": null, "unit_plural": "", "internal": false, "name_plural": "", "published": true, "keywords": "", "sites": [], "data_modified": null, "app_name": "chop", "model_name": "genedetail", "unit": "", "description": ""}}, {"pk": 35, "model": "avocado.datafield", "fields": {"category": null, "archived": false, "group": null, "name": "Total Allele Count", "enumerable": false, "created": "2012-09-07T10:06:48.741", "field_name": "an", "modified": "2012-12-20T14:57:28.985", "order": null, "translator": null, "unit_plural": null, "internal": false, "name_plural": null, "published": true, "keywords": null, "sites": [], "data_modified": null, "app_name": "variants", "model_name": "thousandg", "unit": null, "description": null}}, {"pk": 98, "model": "avocado.datafield", "fields": {"category": null, "archived": false, "group": null, "name": "Transcript Coding Region End Position", "enumerable": false, "created": "2012-09-23T14:51:36.777", "field_name": "coding_end", "modified": "2012-09-23T14:51:36.777", "order": null, "translator": null, "unit_plural": null, "internal": false, "name_plural": null, "published": false, "keywords": null, "sites": [], "data_modified": null, "app_name": "genes", "model_name": "transcript", "unit": null, "description": null}}, {"pk": 100, "model": "avocado.datafield", "fields": {"category": null, "archived": false, "group": null, "name": "Transcript Coding Region End Status", "enumerable": true, "created": "2012-09-23T14:51:37.125", "field_name": "coding_end_status", "modified": "2012-09-23T14:51:37.125", "order": null, "translator": null, "unit_plural": null, "internal": false, "name_plural": null, "published": false, "keywords": null, "sites": [], "data_modified": null, "app_name": "genes", "model_name": "transcript", "unit": null, "description": null}}, {"pk": 97, "model": "avocado.datafield", "fields": {"category": null, "archived": false, "group": null, "name": "Transcript Coding Region Start Position", "enumerable": false, "created": "2012-09-23T14:51:36.614", "field_name": "coding_start", "modified": "2012-09-23T14:51:36.614", "order": null, "translator": null, "unit_plural": null, "internal": false, "name_plural": null, "published": false, "keywords": null, "sites": [], "data_modified": null, "app_name": "genes", "model_name": "transcript", "unit": null, "description": null}}, {"pk": 99, "model": "avocado.datafield", "fields": {"category": null, "archived": false, "group": null, "name": "Transcript Coding Region Start Status", "enumerable": true, "created": "2012-09-23T14:51:36.937", "field_name": "coding_start_status", "modified": "2012-09-23T14:51:36.937", "order": null, "translator": null, "unit_plural": null, "internal": false, "name_plural": null, "published": false, "keywords": null, "sites": [], "data_modified": null, "app_name": "genes", "model_name": "transcript", "unit": null, "description": null}}, {"pk": 101, "model": "avocado.datafield", "fields": {"category": null, "archived": false, "group": null, "name": "Transcript Number Of Exons", "enumerable": false, "created": "2012-09-23T14:51:37.236", "field_name": "exon_count", "modified": "2012-09-23T14:51:37.236", "order": null, "translator": null, "unit_plural": null, "internal": false, "name_plural": null, "published": false, "keywords": null, "sites": [], "data_modified": null, "app_name": "genes", "model_name": "transcript", "unit": null, "description": null}}, {"pk": 93, "model": "avocado.datafield", "fields": {"category": null, "archived": false, "group": null, "name": "Transcript Refseq Id", "enumerable": false, "created": "2012-09-23T14:51:36.067", "field_name": "refseq_id", "modified": "2012-09-23T14:51:36.067", "order": null, "translator": null, "unit_plural": null, "internal": false, "name_plural": null, "published": false, "keywords": null, "sites": [], "data_modified": null, "app_name": "genes", "model_name": "transcript", "unit": null, "description": null}}, {"pk": 94, "model": "avocado.datafield", "fields": {"category": null, "archived": false, "group": null, "name": "Transcript Strand", "enumerable": true, "created": "2012-09-23T14:51:36.234", "field_name": "strand", "modified": "2012-09-23T14:51:36.234", "order": null, "translator": null, "unit_plural": null, "internal": false, "name_plural": null, "published": false, "keywords": null, "sites": [], "data_modified": null, "app_name": "genes", "model_name": "transcript", "unit": null, "description": "+ or - for strand"}}, {"pk": 96, "model": "avocado.datafield", "fields": {"category": null, "archived": false, "group": null, "name": "Transcript Transcript End Position", "enumerable": false, "created": "2012-09-23T14:51:36.498", "field_name": "end", "modified": "2012-09-23T14:51:36.498", "order": null, "translator": null, "unit_plural": null, "internal": false, "name_plural": null, "published": false, "keywords": null, "sites": [], "data_modified": null, "app_name": "genes", "model_name": "transcript", "unit": null, "description": null}}, {"pk": 95, "model": "avocado.datafield", "fields": {"category": null, "archived": false, "group": null, "name": "Transcript Transcript Start Position", "enumerable": false, "created": "2012-09-23T14:51:36.375", "field_name": "start", "modified": "2012-09-23T14:51:36.375", "order": null, "translator": null, "unit_plural": null, "internal": false, "name_plural": null, "published": false, "keywords": null, "sites": [], "data_modified": null, "app_name": "genes", "model_name": "transcript", "unit": null, "description": null}}, {"pk": 105, "model": "avocado.datafield", "fields": {"category": null, "archived": false, "group": null, "name": "Variant ID", "enumerable": false, "created": "2012-10-23T09:38:33.304", "field_name": "id", "modified": "2012-10-23T09:38:33.304", "order": null, "translator": null, "unit_plural": "", "internal": false, "name_plural": "", "published": true, "keywords": "", "sites": [], "data_modified": null, "app_name": "variants", "model_name": "variant", "unit": "", "description": ""}}, {"pk": 31, "model": "avocado.datafield", "fields": {"category": null, "archived": false, "group": null, "name": "Variant Type", "enumerable": true, "created": "2012-09-07T10:05:36.882", "field_name": "type", "modified": "2013-01-08T17:10:44.138", "order": null, "translator": null, "unit_plural": "", "internal": false, "name_plural": "", "published": true, "keywords": "", "sites": [], "data_modified": null, "app_name": "variants", "model_name": "variant", "unit": "", "description": ""}}, {"pk": 3, "model": "avocado.datafield", "fields": {"category": null, "archived": false, "group": null, "name": "Version", "enumerable": false, "created": "2012-09-07T10:03:16.275", "field_name": "version", "modified": "2012-09-07T10:22:16.729", "order": null, "translator": null, "unit_plural": null, "internal": false, "name_plural": null, "published": false, "keywords": null, "sites": [], "data_modified": null, "app_name": "samples", "model_name": "sample", "unit": null, "description": null}}, {"pk": 66, "model": "avocado.datafield", "fields": {"category": null, "archived": false, "group": null, "name": "Version", "enumerable": true, "created": "2012-09-07T10:08:27.484", "field_name": "version", "modified": "2012-09-07T10:25:53.254", "order": null, "translator": null, "unit_plural": null, "internal": false, "name_plural": null, "published": false, "keywords": null, "sites": [], "data_modified": null, "app_name": "genome", "model_name": "genome", "unit": null, "description": null}}, {"pk": 1, "model": "avocado.dataconcept", "fields": {"category": null, "archived": false, "ident": "genomic_coordinate", "group": null, "name": "Genomic Coordinate", "queryview": null, "created": "2012-09-07T10:36:51.496", "modified": "2012-11-19T10:40:14.666", "formatter_name": "Genomic Coordinate", "sites": [], "internal": false, "name_plural": "Genomic Coordinates", "published": true, "keywords": "", "sortable": true, "order": null, "description": ""}}, {"pk": 4, "model": "avocado.dataconcept", "fields": {"category": null, "archived": false, "ident": "", "group": null, "name": "Depth of Coverage", "queryview": null, "created": "2012-11-19T10:43:34.925", "modified": "2012-11-19T10:54:19.209", "formatter_name": "Read Depth", "sites": [], "internal": false, "name_plural": "", "published": true, "keywords": "", "sortable": true, "order": null, "description": ""}}, {"pk": 6, "model": "avocado.dataconcept", "fields": {"category": null, "archived": false, "ident": "", "group": null, "name": "HGMD", "queryview": null, "created": "2012-12-07T16:04:34.328", "modified": "2012-12-07T16:04:34.328", "formatter_name": null, "sites": [], "internal": false, "name_plural": "", "published": true, "keywords": "", "sortable": true, "order": null, "description": ""}}, {"pk": 3, "model": "avocado.dataconcept", "fields": {"category": null, "archived": false, "ident": "", "group": null, "name": "Variant ID", "queryview": null, "created": "2012-10-23T09:39:02.621", "modified": "2012-12-20T11:47:55.980", "formatter_name": null, "sites": [], "internal": false, "name_plural": "", "published": true, "keywords": "", "sortable": false, "order": null, "description": ""}}, {"pk": 7, "model": "avocado.dataconcept", "fields": {"category": null, "archived": false, "ident": "", "group": null, "name": "dbSNP", "queryview": null, "created": "2012-12-07T16:05:07.018", "modified": "2012-12-20T11:55:39.813", "formatter_name": "dbSNP", "sites": [], "internal": false, "name_plural": "", "published": true, "keywords": "", "sortable": true, "order": null, "description": ""}}, {"pk": 5, "model": "avocado.dataconcept", "fields": {"category": null, "archived": false, "ident": "", "group": null, "name": "Gene", "queryview": null, "created": "2012-12-06T11:25:21.291", "modified": "2012-12-20T12:10:22.476", "formatter_name": "HGNC Gene", "sites": [], "internal": false, "name_plural": "", "published": true, "keywords": "", "sortable": true, "order": null, "description": ""}}, {"pk": 8, "model": "avocado.dataconcept", "fields": {"category": null, "archived": false, "ident": "", "group": null, "name": "Transcript", "queryview": null, "created": "2012-12-20T13:44:04.186", "modified": "2012-12-20T13:44:04.186", "formatter_name": "RefSeq Transcript", "sites": [], "internal": false, "name_plural": "", "published": true, "keywords": "", "sortable": true, "order": null, "description": ""}}, {"pk": 2, "model": "avocado.dataconcept", "fields": {"category": null, "archived": false, "ident": "sample", "group": null, "name": "Sample", "queryview": null, "created": "2012-09-07T10:39:38.966", "modified": "2012-12-20T13:44:14.898", "formatter_name": "HTML", "sites": [], "internal": false, "name_plural": "", "published": true, "keywords": "", "sortable": true, "order": null, "description": ""}}, {"pk": 10, "model": "avocado.dataconcept", "fields": {"category": null, "archived": false, "ident": "", "group": null, "name": "Effect", "queryview": null, "created": "2012-12-20T13:46:09.062", "modified": "2012-12-20T13:49:52.507", "formatter_name": "Variant Effect", "sites": [], "internal": false, "name_plural": "", "published": true, "keywords": "", "sortable": true, "order": null, "description": ""}}, {"pk": 11, "model": "avocado.dataconcept", "fields": {"category": null, "archived": false, "ident": null, "group": null, "name": "Effect Impact", "queryview": null, "created": "2012-12-20T13:46:21.013", "modified": "2012-12-20T13:51:01.167", "formatter_name": "Formatter", "sites": [], "internal": false, "name_plural": "", "published": true, "keywords": "", "sortable": true, "order": null, "description": "The predicted impact of the variant."}}, {"pk": 9, "model": "avocado.dataconcept", "fields": {"category": null, "archived": false, "ident": null, "group": null, "name": "Functional Class", "queryview": null, "created": "2012-12-20T13:45:38.612", "modified": "2012-12-20T13:51:01.210", "formatter_name": "Formatter", "sites": [], "internal": false, "name_plural": "", "published": true, "keywords": "", "sortable": true, "order": null, "description": ""}}, {"pk": 12, "model": "avocado.dataconcept", "fields": {"category": null, "archived": false, "ident": "", "group": null, "name": "Amino Acid Change", "queryview": null, "created": "2012-12-20T13:53:13.726", "modified": "2012-12-20T13:57:57.587", "formatter_name": "Formatter", "sites": [], "internal": false, "name_plural": "", "published": true, "keywords": "", "sortable": true, "order": null, "description": ""}}, {"pk": 13, "model": "avocado.dataconcept", "fields": {"category": null, "archived": false, "ident": "", "group": null, "name": "Codon Change", "queryview": null, "created": "2012-12-20T13:58:17.719", "modified": "2012-12-20T13:58:17.719", "formatter_name": "Formatter", "sites": [], "internal": false, "name_plural": "", "published": true, "keywords": "", "sortable": true, "order": null, "description": ""}}, {"pk": 14, "model": "avocado.dataconcept", "fields": {"category": null, "archived": false, "ident": "", "group": null, "name": "Cohorts", "queryview": null, "created": "2012-12-20T14:01:07.398", "modified": "2012-12-20T14:10:08.646", "formatter_name": "Cohorts", "sites": [], "internal": false, "name_plural": "", "published": true, "keywords": "", "sortable": true, "order": null, "description": ""}}, {"pk": 15, "model": "avocado.dataconcept", "fields": {"category": null, "archived": false, "ident": "", "group": null, "name": "Quality", "queryview": null, "created": "2012-12-20T14:39:23.413", "modified": "2012-12-20T14:39:23.413", "formatter_name": "Formatter", "sites": [], "internal": false, "name_plural": "", "published": true, "keywords": "", "sortable": true, "order": null, "description": ""}}, {"pk": 16, "model": "avocado.dataconcept", "fields": {"category": null, "archived": false, "ident": "", "group": null, "name": "Genotype", "queryview": null, "created": "2012-12-20T14:51:57.929", "modified": "2012-12-20T14:53:44.843", "formatter_name": "Formatter", "sites": [], "internal": false, "name_plural": "", "published": true, "keywords": "", "sortable": true, "order": null, "description": ""}}, {"pk": 17, "model": "avocado.dataconcept", "fields": {"category": null, "archived": false, "ident": "", "group": null, "name": "1000G (AFR/AMR/ASN/EUR)", "queryview": null, "created": "2012-12-20T14:57:48.659", "modified": "2012-12-20T14:58:56.864", "formatter_name": null, "sites": [], "internal": false, "name_plural": "", "published": true, "keywords": "", "sortable": true, "order": null, "description": ""}}, {"pk": 20, "model": "avocado.dataconceptfield", "fields": {"concept": 14, "name": "", "created": "2012-12-20T14:01:07.406", "modified": "2012-12-20T14:01:07.406", "field": 105, "name_plural": "", "order": 0.0}}, {"pk": 1, "model": "avocado.dataconceptfield", "fields": {"concept": 1, "name": "", "created": "2012-09-07T10:36:51.529", "modified": "2012-11-19T10:36:15.643", "field": 64, "name_plural": "", "order": 0.0}}, {"pk": 24, "model": "avocado.dataconceptfield", "fields": {"concept": 17, "name": null, "created": "2012-12-20T14:57:48.667", "modified": "2012-12-20T14:57:48.667", "field": 37, "name_plural": null, "order": 0.0}}, {"pk": 22, "model": "avocado.dataconceptfield", "fields": {"concept": 16, "name": "", "created": "2012-12-20T14:51:57.935", "modified": "2012-12-20T14:51:57.935", "field": 68, "name_plural": "", "order": 0.0}}, {"pk": 5, "model": "avocado.dataconceptfield", "fields": {"concept": 4, "name": "", "created": "2012-11-19T10:43:34.942", "modified": "2012-11-19T10:43:34.942", "field": 9, "name_plural": "", "order": 0.0}}, {"pk": 14, "model": "avocado.dataconceptfield", "fields": {"concept": 10, "name": "", "created": "2012-12-20T13:46:09.068", "modified": "2012-12-20T13:49:46.641", "field": 29, "name_plural": "", "order": 0.0}}, {"pk": 17, "model": "avocado.dataconceptfield", "fields": {"concept": 12, "name": "", "created": "2012-12-20T13:53:13.734", "modified": "2012-12-20T13:53:13.734", "field": 60, "name_plural": "", "order": 0.0}}, {"pk": 15, "model": "avocado.dataconceptfield", "fields": {"concept": 10, "name": "", "created": "2012-12-20T13:46:09.073", "modified": "2012-12-20T13:49:46.624", "field": 28, "name_plural": "", "order": 1.0}}, {"pk": 2, "model": "avocado.dataconceptfield", "fields": {"concept": 1, "name": "", "created": "2012-09-07T10:36:51.554", "modified": "2012-09-07T10:36:51.554", "field": 69, "name_plural": "", "order": 1.0}}, {"pk": 6, "model": "avocado.dataconceptfield", "fields": {"concept": 4, "name": "", "created": "2012-11-19T10:43:34.955", "modified": "2012-11-19T10:43:34.955", "field": 11, "name_plural": "", "order": 1.0}}, {"pk": 25, "model": "avocado.dataconceptfield", "fields": {"concept": 17, "name": null, "created": "2012-12-20T14:57:48.672", "modified": "2012-12-20T14:57:48.672", "field": 41, "name_plural": null, "order": 1.0}}, {"pk": 26, "model": "avocado.dataconceptfield", "fields": {"concept": 17, "name": null, "created": "2012-12-20T14:57:48.678", "modified": "2012-12-20T14:57:48.678", "field": 39, "name_plural": null, "order": 2.0}}, {"pk": 7, "model": "avocado.dataconceptfield", "fields": {"concept": 4, "name": "", "created": "2012-11-19T10:43:34.960", "modified": "2012-11-19T10:43:34.960", "field": 12, "name_plural": "", "order": 2.0}}, {"pk": 27, "model": "avocado.dataconceptfield", "fields": {"concept": 17, "name": null, "created": "2012-12-20T14:57:48.685", "modified": "2012-12-20T14:57:48.685", "field": 40, "name_plural": null, "order": 3.0}}, {"pk": 28, "model": "avocado.dataconceptfield", "fields": {"concept": 17, "name": null, "created": "2012-12-20T14:57:48.691", "modified": "2012-12-20T14:57:48.691", "field": 42, "name_plural": null, "order": 4.0}}, {"pk": 16, "model": "avocado.dataconceptfield", "fields": {"concept": 11, "name": null, "created": "2012-12-20T13:46:21.019", "modified": "2012-12-20T13:46:21.019", "field": 27, "name_plural": null, "order": null}}, {"pk": 13, "model": "avocado.dataconceptfield", "fields": {"concept": 9, "name": null, "created": "2012-12-20T13:45:38.618", "modified": "2012-12-20T13:45:38.618", "field": 61, "name_plural": null, "order": null}}, {"pk": 19, "model": "avocado.dataconceptfield", "fields": {"concept": 13, "name": "", "created": "2012-12-20T13:58:17.726", "modified": "2012-12-20T13:58:17.726", "field": 62, "name_plural": "", "order": null}}, {"pk": 12, "model": "avocado.dataconceptfield", "fields": {"concept": 8, "name": "", "created": "2012-12-20T13:44:04.215", "modified": "2012-12-20T13:44:04.215", "field": 93, "name_plural": "", "order": null}}, {"pk": 21, "model": "avocado.dataconceptfield", "fields": {"concept": 15, "name": "", "created": "2012-12-20T14:39:23.421", "modified": "2012-12-20T14:39:23.421", "field": 8, "name_plural": "", "order": null}}, {"pk": 11, "model": "avocado.dataconceptfield", "fields": {"concept": 5, "name": "", "created": "2012-12-20T12:10:22.490", "modified": "2012-12-20T12:10:22.490", "field": 113, "name_plural": "", "order": null}}, {"pk": 10, "model": "avocado.dataconceptfield", "fields": {"concept": 7, "name": "", "created": "2012-12-07T16:05:07.025", "modified": "2012-12-20T11:55:39.830", "field": 33, "name_plural": "", "order": null}}, {"pk": 9, "model": "avocado.dataconceptfield", "fields": {"concept": 6, "name": "", "created": "2012-12-07T16:04:34.335", "modified": "2012-12-07T16:04:34.335", "field": 110, "name_plural": "", "order": null}}, {"pk": 8, "model": "avocado.dataconceptfield", "fields": {"concept": 5, "name": "", "created": "2012-12-06T11:25:21.309", "modified": "2012-12-06T11:25:21.309", "field": 86, "name_plural": "", "order": null}}, {"pk": 3, "model": "avocado.dataconceptfield", "fields": {"concept": 2, "name": "Sample", "created": "2012-09-07T10:39:40.314", "modified": "2012-11-19T10:26:38.646", "field": 111, "name_plural": "", "order": null}}, {"pk": 4, "model": "avocado.dataconceptfield", "fields": {"concept": 3, "name": null, "created": "2012-10-23T09:39:02.662", "modified": "2012-10-23T09:39:02.662", "field": 105, "name_plural": null, "order": null}}]